Lake;Experiment;TP ;Chla ;DOC;Temperature;Chla_flu;PAR_I;PAR_II;PAR_III;TN
Svartberget;1;15.05;0.61074;17.73;;;;;;0.3767
Svartberget;1;13.03;0.4266;18.45;;;;;;0.3581
Svartberget;1;12.94;0.61074;18.48;;;;;;0.3022
Svartberget;1;13.97;0.31995;18.97;;;;;;0.3565
Svartberget;1;12.54;0.51867;18.83;;;;;;0.3517
Svartberget;1;12.71;0.51939;17.67;;;;;;0.3118
Svartberget;1;12.44;0.51939;18.75;;;;;;0.3032
Svartberget;1;11.47;0.41202;19.15;;;;;;0.298
Svartberget;1;12.44;0.22788;18.79;;;;;;0.3535
Svartberget;1;12.34;0.4266;NA;;;;;;0.3303
Svartberget;1;13.31;0.4266;18.98;;;;;;0.3539
Svartberget;1;12.37;0.61074;18.85;;;;;;0.35
Svartberget;1;12.16;0.41274;NA;;;;;;0.2858
Svartberget;1;14.75;0.21402;18.77;;;;;;0.3511
Svartberget;1;12.82;0.51867;NA;;;;;;0.3124
Svartberget;1;13.12;0.22788;19.28;;;;;;0.3076
Svartberget;1;11.62;0.2133;19.41;;;;;;0.3496
Svartberget;1;12.67;0.12123;NA;;;;;;0.334
Svartberget;1;13.16;0.2133;NA;;;;;;0.3449
Svartberget;1;12.17;0.12123;NA;;;;;;0.3297
Svartberget;1;12.49;0.2133;NA;;;;;;0.3466
Svartberget;1;11.92;0.2133;NA;;;;;;0.3269
Svartberget;1;12.8;0.30537;NA;;;;;;0.3444
Svartberget;1;12.41;0.19872;NA;;;;;;0.3179
Svartberget;1;13.25;0.2133;NA;;;;;;0.3478
Svartberget;1;17.76;0.2133;NA;;;;;;0.3885
Svartberget;1;12.56;0.30537;NA;;;;;;0.3179
Svartberget;1;13.41;0.31995;NA;;;;;;0.3413
Svartberget;1;11.67;0.2133;NA;;;;;;0.3279
Svartberget;1;12.63;0.21402;NA;;;;;;0.3667
Svartberget;1;12.2;0.30537;NA;;;;;;0.3034
Svartberget;1;15.7;0.30609;NA;;;;;;0.3709
Svartberget;1;12.16;0.01458;NA;;;;;;0.3233
Svartberget;1;11.25;NA;NA;;;;;;0.3025
Svartberget;1;13.04;0.29079;NA;;;;;;0.393
Svartberget;1;12.64;0.10665;NA;;;;;;0.3808
Svartberget;1;16.15;0.19872;NA;;;;;;0.3642
Svartberget;1;14.69;0.10665;NA;;;;;;0.3517
Svartberget;1;13.09;0.29079;NA;;;;;;0.3419
Svartberget;1;15.58;0.39744;NA;;;;;;0.3923
Svartberget;1;13.17;0.29007;NA;;;;;;0.3494
Svartberget;1;15.67;0.39744;NA;;;;;;0.3574
Svartberget;1;14.94;0.30537;NA;;;;;;0.3535
Svartberget;1;11.78;0.29007;NA;;;;;;0.3163
Svartberget;1;14.23;0.30537;NA;;;;;;0.3701
Svartberget;1;12.3;0.30537;NA;;;;;;0.3251
Svartberget;1;14.73;0.39744;NA;;;;;;0.3602
Svartberget;1;12.33;0.10665;NA;;;;;;0.309
Svartberget;1;15.6;0.30465;NA;;;;;;0.3554
Svartberget;1;12.32;0.10665;NA;;;;;;0.3451
Svartberget;1;9.26;0.19872;NA;;;;;;0.276
Svartberget;1;12.6;0.198;NA;;;;;;0.3569
Svartberget;1;15.17;0.18414;NA;;;;;;0.3878
Svartberget;1;12.54;0.18414;NA;;;;;;0.3426
Svartberget;1;14.37;0.19872;NA;;;;;;0.3329
Svartberget;1;12.11;0.10665;NA;;;;;;0.3437
Svartberget;1;14.35;0.19872;NA;;;;;;0.3802
Svartberget;1;12.88;0.09207;NA;;;;;;0.3688
Svartberget;1;14.44;0.29079;NA;;;;;;0.384
Svartberget;1;14.83;0.18414;NA;;;;;;0.4019
Svartberget;1;15.53;0.09207;NA;;;;;;0.3361
Svartberget;1;14.25;0.19872;NA;;;;;;0.375
Svartberget;1;14.74;0.19872;NA;;;;;;0.3812
Svartberget;1;15.62;0.19872;NA;;;;;;0.4744
Svartberget;1;13.24;0.10665;NA;;;;;;0.3614
Svartberget;1;15.33;0.38286;NA;;;;;;0.4202
Svartberget;1;17.22;0.19872;NA;;;;;;0.3422
Svartberget;1;12.88;0.19872;NA;;;;;;0.3198
Svartberget;1;13.35;0.19872;NA;;;;;;NA
Svartberget;1;17.03;0.2133;NA;;;;;;0.2727
Svartberget;1;14.85;0.19944;NA;;;;;;0.2851
Svartberget;1;14.81;0.10665;NA;;;;;;0.3231
Svartberget;1;12.08;0.10665;NA;;;;;;0.2236
Svartberget;1;14.46;0.10665;NA;;;;;;NA
Svartberget;1;11.93;0.10665;NA;;;;;;NA
Svartberget;1;16.54;0.10665;NA;;;;;;NA
Svartberget;1;17.02;0.10737;NA;;;;;;NA
Svartberget;1;12.12;0.10665;NA;;;;;;NA
Svartberget;1;14.22;0.10737;NA;;;;;;0.2776
Svartberget;1;14.76;0.0153;NA;;;;;;0.2731
Svartberget;1;16.13;0.10665;NA;;;;;;0.2969
Svartberget;1;13.82;0.10665;NA;;;;;;NA
Svartberget;1;14.85;0.19872;NA;;;;;;0.2852
Svartberget;1;13.42;0.2133;NA;;;;;;0.2735
Svartberget;1;9.86;0.19944;NA;;;;;;0.1985
Svartberget;1;14.2;0.10737;16.58;;;;;;0.2922
Svartberget;1;12.94;0.12195;16.35;;;;;;0.2596
Svartberget;1;12.95;0.00072;16. Mär;;;;;;0.2128
Svartberget;1;13.53;0.01458;15.67;;;;;;0.2046
Svartberget;1;9.75;0.00072;15.87;;;;;;0.2194
Svartberget;1;13.34;0.2133;15. Jun;;;;;;0.2366
Svartberget;1;11.98;0.10665;16. Aug;;;;;;0.27
Svartberget;1;13.15;0.10737;16. Aug;;;;;;0.2637
Svartberget;1;11.17;0.01458;15.63;;;;;;0.2427
Svartberget;1;12.13;0.19872;16.32;;;;;;0.2537
Svartberget;1;12.26;0.2133;15.74;;;;;;NA
Svartberget;1;11.97;NA;16.29;;;;;;NA
Svartberget;1;12.22;0.2133;15.63;;;;;;0.2318
Svartberget;1;11.7;0.00072;15.85;;;;;;0.2432
Svartberget;1;11.91;0.10665;15.56;;;;;;0.2417
Svartberget;1;12.01;0.10665;16.23;;;;;;0.2906
Svartberget;1;12.22;0.10737;17.65;;;;;;0.2846
Svartberget;2;11.31;0.10665;19.55;;;100;62;21;0.415884049016579
Svartberget;2;11.06;0.10665;19.49;;;45;25;7;0.401467408093914
Svartberget;2;10.65;0.10665;19.45;;;65;41;16;0.406410256410256
Svartberget;2;10.92;0.10665;19.61;;;52;35;10;0.396627535784162
Svartberget;2;10.36;0.19944;19.35;;;77;42;13;0.400849552054371
Svartberget;2;11.41;0.10737;19.61;;;48;31;10;0.418149521161569
Svartberget;2;11.69;0.10737;19.46;;;113;68;29;0.389779631345896
Svartberget;2;11.47;0.29151;19.55;;;;;;0.40280609617959
Svartberget;2;12.9;0.19872;19. Jun;;;;;;0.393641231593039
Svartberget;2;12.87;0.19944;19. Jun;;;;;;0.401312944084028
Svartberget;2;15.11;0.30537;20. Feb;;;;;;0.393332303573267
Svartberget;2;10.09;0.2133;19.64;;;;;;0.405277520337761
Svartberget;2;12.38;0.2133;19.18;;;;;;0.41264030480898
Svartberget;2;9.91;0.19944;19. Nov;;;;;;0.408109360518999
Svartberget;2;12.84;0.19944;19.18;;;;;;0.397296879827
Svartberget;2;10.57;0.10665;19.28;;;;;;0.408675728555247
Svartberget;2;11.5;0.10665;21.17;;;;;;0.397399855833591
Svartberget;2;10.97;0.10665;NA;;;;;;0.340763052208835
Svartberget;2;11.9;0.10737;NA;;;;;;0.376392750489136
Svartberget;2;10.65;0.00072;NA;;;;;;0.376032334466069
Svartberget;2;11.71;0.10737;NA;;;;;;0.392354031510658
Svartberget;2;10,00;0.10737;NA;;;;;;0.400695088044486
Svartberget;2;10.59;0.19944;NA;;;;;;0.404505200288333
Svartberget;2;12.88;0.10665;NA;;;;;;0.391736175471115
Svartberget;2;11.5;0.10665;NA;;;;;;0.394670991658943
Svartberget;2;10.55;0.10665;NA;;;;;;0.363057357635671
Svartberget;2;10.97;0.2133;NA;;;;;;0.323617547111523
Svartberget;2;10.12;0.10665;NA;;;;;;0.375568942436412
Svartberget;2;8.43;0.2133;NA;;;;;;0.398635567912676
Svartberget;2;14.7;0.19944;NA;;;;;;0.395391823705077
Svartberget;2;10.66;0.19944;NA;;;;;;0.390294511378849
Svartberget;2;11.76;0.30537;NA;;;;;;0.412537328802389
Svartberget;2;9.08;0.19944;NA;;;;;;0.388492431263516
Svartberget;2;8.47;0.09279;NA;;;;;;0.408521264545361
Svartberget;2;11.58;0.10665;NA;;;74;42;14;0.408469776542066
Svartberget;2;13.08;0.10665;NA;;;;;;0.408830192565132
Svartberget;2;10.39;0.19872;NA;;;32;17;6;0.377576974564926
Svartberget;2;12.93;0.2133;NA;;;20;12;2;0.420826897332921
Svartberget;2;11.14;0.10737;NA;;;32;16;6;0.405740912367418
Svartberget;2;12.28;0.12123;NA;;;31;16;5;0.414442384924313
Svartberget;2;10.95;0.10737;NA;;;60;40;15;0.387102255174544
Svartberget;2;13.63;0.01458;NA;;;57;36;10;0.421650705385645
Svartberget;2;12.79;0.2133;NA;;;42;28;10;0.409036144578313
Svartberget;2;12.19;0.10737;NA;;;60;37;14;0.382365358871383
Svartberget;2;12.59;0.12123;NA;;;62;41;16;0.384321902996602
Svartberget;2;10.58;0.10665;NA;;;42;24;6;0.396576047780867
Svartberget;2;13.28;0.12195;NA;;;;;;0.434265266192977
Svartberget;2;9.62;0.01458;NA;;;;;;0.390037071362373
Svartberget;2;12.01;0.12123;NA;;;;;;0.398584079909381
Svartberget;2;11.5;0.12123;NA;;;;;;0.393332303573267
Svartberget;2;10.11;0.10665;NA;;;;;;0.399407887962105
Svartberget;2;11.95;0.01458;NA;;;;;;0.3304
Svartberget;2;14.16;0.01458;NA;;;;;;0.3394
Svartberget;2;10.51;0.01458;NA;;;;;;0.3232
Svartberget;2;13.34;0.12123;NA;;;;;;0.3358
Svartberget;2;10.29;0.01458;NA;;;;;;0.3139
Svartberget;2;13.07;0.10737;NA;;;12;4;0;0.3627
Svartberget;2;11.15;0.01458;NA;;;36;21;5;0.3222
Svartberget;2;14.52;0.10665;NA;;;37;18;3;0.3384
Svartberget;2;13.38;0.01458;NA;;;20;12;2;0.3559
Svartberget;2;10.72;0.01458;NA;;;62;36;10;0.3264
Svartberget;2;12.28;0.10665;NA;;;79;44;14;0.3222
Svartberget;2;12.01;0.10665;NA;;;;;;0.3331
Svartberget;2;13.61;0.12123;NA;;;;;;0.3414
Svartberget;2;9.69;0.10665;NA;;;;;;0.3272
Svartberget;2;11.79;0.12123;NA;;;;;;0.35
Svartberget;2;9.8;0.10737;NA;;;;;;0.3271
Svartberget;2;10.97;0.01458;NA;;;;;;0.3325
Svartberget;2;9.58;NA;NA;;;39;19;5;0.3121
Svartberget;2;11.95;0.01458;NA;;;21;10;1;0.3241
Svartberget;2;10.25;0.10665;NA;;;7;3;0;0.3038
Svartberget;2;11.15;0.10665;NA;;;5;2;0;0.3381
Svartberget;2;9,00;0.10665;NA;;;6;2;0;0.3093
Svartberget;2;11.2;0.10665;NA;;;9;5;0;0.3444
Svartberget;2;9.01;NA;NA;;;35;21;4;0.3103
Svartberget;2;12.4;0.10737;NA;;;39;26;6;0.3336
Svartberget;2;11.9;0.01458;NA;;;20;9;2;0.3314
Svartberget;2;10.06;NA;NA;;;41;25;7;0.3167
Svartberget;2;12.94;0.10665;NA;;;60;35;10;0.3072
Svartberget;2;9.17;NA;NA;;;12;6;0;0.295
Svartberget;2;11.92;0.10665;NA;;;;;;0.3134
Svartberget;2;9.69;0.01458;NA;;;;;;0.2997
Svartberget;2;12.34;0.41274;NA;;;;;;0.3325
Svartberget;2;11.24;0.10665;NA;;;;;;0.3175
Svartberget;2;11.95;NA;NA;;;;;;0.3405
Svartberget;2;9.4;0.01458;16.73;;;11;4;0;0.2911
Svartberget;2;10.39;0.10665;16. Apr;;;9;3;0;0.3046
Svartberget;2;9.12;0.09207;16.92;;;1;0;0;0.301
Svartberget;2;10.56;0.01386;16.62;;;0;0;0;0.3066
Svartberget;2;9.73;0.09207;16.79;;;3;0;0;0.2948
Svartberget;2;9.87;0.09279;16.74;;;3;0;0;0.317
Svartberget;2;8.25;NA;16.64;;;16;8;2;0.2745
Svartberget;2;11.38;0.19872;16. Jun;;;14;8;1;0.292
Svartberget;2;11.02;0.09207;16. Jul;;;4;0;0;0.3131
Svartberget;2;8.41;NA;16.45;;;18;9;0;0.2804
Svartberget;2;8.32;0.10665;16.34;;;18;9;1;0.2833
Svartberget;2;8.78;0.10665;17.19;;;2;0;0;0.3086
Svartberget;2;9.29;0.30537;16.58;;;18;9;0;0.26
Svartberget;2;10.4;NA;16.78;;;1;0;0;0.3142
Svartberget;2;10.04;0.10665;16. Jul;;;2;0;0;0.3212
Svartberget;2;10.06;NA;16.64;;;15;8;0;0.2194
Svartberget;2;11.95;0.09567;26.78;;;19;9;0;0.2973
Erken;1;13.04;123.678;13.25;14.89;0.70;1200;214;130;0.6154
Erken;1;13.93;114.471;Dez 26;15. Jul;0.81;1241;300;123;0.5757
Erken;1;16.62;123.678;Nov 99;14.98;0.80;1220;266;195;0.524
Erken;1;18.67;134.343;Nov 98;15. Apr;0.66;1280;1000;188;0.5417
Erken;1;13.17;105.192;Dez 42;15. Jul;0.89;1215;215;104;0.5513
Erken;1;13,00;123.678;Dez 56;15.15;0.62;1220;267;181;0.5047
Erken;1;11.17;105.264;Dez 31;15.26;0.61;1292;1078;199;0.515
Erken;1;11.5;0.93141;Dez 31;15. Okt;0.73;1294;1100;195;0.48
Erken;1;12.16;155.673;Dez 19;15.13;0.64;1228;997;170;0.4861
Erken;1;13.69;134.343;12. Aug;15.21;0.57;1222;264;178;0.5132
Erken;1;12.01;125.064;Dez 22;15.19;0.55;1330;1120;205;0.47
Erken;1;11.59;134.343;Dez 28;15.20;0.68;1254;1100;207;0.5336
Erken;1;12.82;145.008;Dez 26;15.18;0.71;1214;997;212;0.521
Erken;1;12.26;146.394;Dez 57;15.20;0.60;1267;1080;197;0.4627
Erken;1;12.17;0.94599;Nov 98;15.21;0.50;1293;421;195;0.4725
Erken;1;11.34;114.399;Dez 15;15.13;0.56;1254;1062;220;0.4728
Erken;1;12.71;175.617;12. Mär;15.86;01. Jun;1160;860;663;0.4783
Erken;1;13.95;0.31995;NA;16. Mär;0.58;400;247;129;0.4846
Erken;1;14.47;0.51939;NA;16. Mär;0.49;414;235;121;0.5186
Erken;1;12.92;0.31995;NA;16. Aug;0.71;340;169;85;0.4549
Erken;1;13.78;0.53397;NA;16.18;0.59;335;151;91;0.5318
Erken;1;13.32;0.51867;NA;16. Mai;0.71;349;141;79;0.4827
Erken;1;14.86;0.53325;NA;16. Nov;0.66;351;134;77;0.5227
Erken;1;11.52;0.17318571429;NA;16. Jun;0.46;551;292;158;0.4619
Erken;1;11.23;0.62532;NA;16. Jul;0.66;648;400;180;0.482
Erken;1;14.17;0.53397;NA;16.13;0.53;450;265;90;0.5077
Erken;1;21.98;0.4266;NA;16.16;0.49;654;475;175;0.5303
Erken;1;12.8;0.31995;NA;16. Nov;0.40;713;335;173;0.509
Erken;1;12.13;0.32067;NA;16. Nov;0.50;521;183;98;0.467
Erken;1;13.66;0.42732;NA;16. Dez;0.47;685;410;173;0.4699
Erken;1;13.25;0.41202;NA;16.24;0.56;500;160;96;0.4857
Erken;1;12.1;0.51867;NA;16.19;0.50;511;154;102;0.4754
Erken;1;12.01;0.30609;NA;16.16;0.32;691;450;172;0.4681
Erken;1;12.37;0.93141;NA;16. Okt;01. Feb;670;488;389;0.4764
Erken;1;14.91;134.343;NA;16.42;Jan 62;230;145;"
91";0.494
Erken;1;15.1;0.83862;NA;16.46;Jan 85;195;136;83;0.478
Erken;1;15.55;0.33453;NA;16.83;Jan 43;112;80;45;0.4664
Erken;1;14.65;235.161;NA;16.84;03. Dez;121;85;54;0.5317
Erken;1;14.45;0.62604;NA;16.94;Jan 64;118;75;38;0.4985
Erken;1;15.2;155.673;NA;17;Feb 72;105;65;38;0.4834
Erken;1;13.57;0.71811;NA;16.89;0.99;170;105;65;0.4357
Erken;1;12.35;0.73269;NA;16.73;Jan 36;160;108;60;0.4785
Erken;1;16.65;24.867;NA;16.93;Mär 17;102;68;54;0.5364
Erken;1;23.98;134.343;NA;16.79;Jan 63;162;134;70;0.4745
Erken;1;14.58;206.154;NA;16.68;Feb 15;161;123;50;0.4984
Erken;1;14.52;103.806;NA;16. Sep;Jan 25;123;93;51;0.521
Erken;1;16.11;227.412;NA;16.58;Feb 15;107;57;24;0.5335
Erken;1;14.25;0.93141;NA;16.81;Jan 27;70;21;13;0.4884
Erken;1;14.52;236.619;NA;16.96;Feb 93;50;30;14;0.4818
Erken;1;16.3;0.82476;NA;16.93;0.83;80;50;31;0.4672
Erken;1;15.11;145.008;NA;16.96;0.7;591;328;150;0.4712
Erken;1;15.77;103.806;NA;16.42;Jan 45;290;240;"
118";0.498
Erken;1;15.63;155.601;NA;16.42;Feb 32;316;230;120;0.5383
Erken;1;13.51;0.83862;NA;16.32;0.99;185;96;42;0.4863
Erken;1;14.33;175.545;NA;16.57;Feb 86;210;110;50;0.4806
Erken;1;15.3;0.51939;NA;16.55;Jan 41;153;111;50;0.4664
Erken;1;14.9;0.53325;NA;16.63;Jan 67;120;57;24;0.4755
Erken;1;12.55;0.33453;NA;16.45;0.71;219;120;77;0.4765
Erken;1;11.97;0.53325;NA;16.29;01. Apr;203;115;57;0.4724
Erken;1;16.1;176.931;NA;16.71;03. Jun;110;74;24;0.4849
Erken;1;22.67;0.73269;NA;16.53;01. Nov;215;97;47;0.5237
Erken;1;15.46;135.729;NA;16.47;Jan 73;203;120;62;0.5461
Erken;1;14.71;0.6399;NA;16.51;Jan 15;113;66;35;0.5297
Erken;1;17.22;175.545;NA;16.23;Jan 65;218;127;62;0.5088
Erken;1;15.79;0.6399;NA;16.55;01. Mär;119;70;33;0.4549
Erken;1;14.44;145.008;NA;16.62;Feb 47;160;62;24;0.4958
Erken;1;15.62;0.51939;NA;16.54;0.57;211;124;58;0.4686
Erken;1;17.29;0.42732;NA;16.77;0.7;488;317;154;0.5245
Erken;1;14.78;0.9149625;NA;16.85;0.62;1330;300;136;0.6009
Erken;1;14.4;0.9158625;NA;16. Aug;0.55;1237;256;128;0.5847
Erken;1;13.32;0.4181625;NA;17. Jul;0.73;1109;146;68;0.4868
Erken;1;13,00;0.9158625;NA;16.94;Jan 13;635;150;76;0.5304
Erken;1;13.86;0.28485;NA;16.89;0.64;626;150;86;0.5689
Erken;1;13.86;0.28485;NA;16.92;0.73;310;135;71;0.4731
Erken;1;13.13;0.1524375;NA;16.92;0.41;1340;273;147;0.4715
Erken;1;13.01;0.4181625;NA;16.94;0.63;1336;285;175;0.5126
Erken;1;15.43;1.048.275;NA;17;01. Mai;500;150;72;0.5276
Erken;1;20,00;0.6674625;NA;17. Mai;0.64;1480;301;169;0.5138
Erken;1;14.04;0.28485;NA;16.92;0.4;1412;278;152;0.5288
Erken;1;13.48;0.4008375;NA;17. Mai;0.69;503;175;85;0.485
Erken;1;14.29;0.799875;NA;16. Sep;0.53;1370;266;147;0.5092
Erken;1;14.08;0.6674625;NA;17. Feb;0.98;610;142;76;0.4148
Erken;1;13.77;15.642;NA;17. Jan;Feb 35;618;150;75;0.519
Erken;1;12.54;0.515025;NA;16.98;0.41;1466;320;191;0.4799
Erken;1;16.81;15.642;NA;17.77;0.81;1202;903;698;0.4945
Erken;1;17.22;0.62604;Dez 37;17.84;01. Dez;240;188;82;0.5613
Erken;1;16.69;0.82476;Dez 77;17.85;02. Mai;250;140;73;0.5469
Erken;1;16.73;0.4266;12. Jun;18. Jun;0.86;129;83;37;0.5165
Erken;1;15.35;0.53325;12. Aug;18. Apr;0.35;178;97;46;0.4949
Erken;1;17.39;0.53397;11. Mai;17. Sep;Jan 22;112;78;37;0.4912
Erken;1;15.39;0.73269;Nov 72;18. Feb;0.91;202;138;54;0.4833
Erken;1;15.41;0.33525;Dez 54;17. Sep;0.41;395;264;143;0.5149
Erken;1;15.65;0.6399;Dez 31;18. Feb;0.76;380;300;138;0.5193
Erken;1;22.98;0.74655;12. Aug;18.14;01. Feb;186;116;66;0.497
Erken;1;20.89;145.008;Nov 85;17.97;Jan 54;402;310;143;0.5582
Erken;1;16.32;125.136;Dez 26;17.89;Jan 27;416;270;140;0.5689
Erken;1;14.41;0.42732;Dez 14;18. Jan;0.82;192;101;48;0.5063
Erken;1;18.93;134.343;Dez 33;17.77;Feb 36;280;191;104;0.514
Erken;1;18.56;0.6399;Nov 54;18. Feb;Jan 94;184;109;49;0.4933
Erken;1;17.32;289.944;11. Aug;17.99;Mär 63;175;121;45;0.4957
Erken;1;22.09;0.74655;12. Jun;17.78;01. Apr;325;240;121;0.5205
Erken;1;17.85;392.364;Nov 56;18. Jul;Jan 45;1037;540;350;0.5069
Erken;2;19.95;734.175;Nov 64;18.47;Jan 95;195;141;57;0.5512
Erken;2;21.49;464.031;Nov 63;18.47;Feb 25;182;110;48;0.5647
Erken;2;21.94;57.843;Dez 23;18.47;Feb 41;193;130;49;0.5994
Erken;2;18.73;940.257;Nov 88;18.48;Jan 93;130;100;28;0.6355
Erken;2;25.76;587.709;Nov 65;18.46;03. Jun;155;105;42;0.6085
Erken;2;22.05;773.919;Nov 71;18.51;02. Feb;182;132;50;0.6407
Erken;2;27.72;525.177;Nov 46;18.58;Jan 93;204;151;50;0.6156
Erken;2;21.06;5.373;Nov 99;18.54;Jan 96;205;162;58;0.6302
Erken;2;21.32;76.464;Nov 51;18.59;Feb 24;213;141;60;0.6075
Erken;2;18.36;650.241;Nov 85;18.65;Jan 74;213;144;53;0.5944
Erken;2;19.5;671.571;Nov 57;18.59;02. Jul;202;143;58;0.5919
Erken;2;19.87;639.576;Dez 47;18.52;Feb 17;221;152;61;0.6078
Erken;2;19.45;660.978;Nov 69;18.57;Feb 19;201;166;59;0.5714
Erken;2;22.24;76.617;11. Feb;18.59;Feb 14;215;161;63;0.6302
Erken;2;18.61;784.584;Nov 51;18. Jun;2;223;152;65;0.5956
Erken;2;21.26;671.571;Nov 74;18. Jun;Jan 89;249;160;12;0.597
Erken;2;63.45;155.736.675;11. Mai;19.34;Jan 55;854;541;303;0.9899
Erken;2;18.27;55.863;NA;18.43;0.91;188;146;64;0.5946
Erken;2;20.84;454.824;NA;18.46;03. Mär;209;126;56;0.5977
Erken;2;19.97;485.433;NA;18. Jul;Jan 33;105;68;23;0.5704
Erken;2;21.16;547.893;NA;18. Jul;Feb 13;112;66;25;0.6011
Erken;2;17.76;299.223;NA;18. Jul;01. Jun;66;42;15;0.5772
Erken;2;20.51;402.885;NA;18.68;03. Aug;102;60;20;0.5917
Erken;2;20.89;22.887;NA;18.48;0.96;203;155;62;0.604
Erken;2;23.27;392.292;NA;18.43;02. Nov;212;145;53;0.5685
Erken;2;20.38;5.373;NA;18.76;Feb 27;105;63;26;0.5935
Erken;2;20.17;413.622;NA;18.64;01. Aug;255;163;15;0.5658
Erken;2;21.85;465.417;NA;18. Jun;01. Aug;206;133;51;0.5896
Erken;2;20.04;0.2133;NA;18.86;0.87;140;92;34;0.5918
Erken;2;21.19;0.62604;NA;18.63;Jan 59;232;154;66;0.5891
Erken;2;17.58;341.811;NA;18. Jul;Jan 34;149;86;30;0.5861
Erken;2;18.84;567.837;NA;18. Sep;Feb 48;151;93;39;0.6044
Erken;2;19.76;413.622;NA;18. Jun;0.67;256;116;14;0.5803
Erken;2;28.47;1.911.051;NA;19.44;Jan 97;756;401;255;0.67
Erken;2;16.01;569.295;NA;17. Sep;Jan 75;203;138;61;0.5914
Erken;2;17.63;485.361;NA;17.95;03. Feb;200;124;50;0.6095
Erken;2;18.43;268.686;NA;18. Feb;Feb 39;105;65;25;0.6006
Erken;2;19.48;92.952;NA;18.25;Apr 55;122;78;25;0.6259
Erken;2;17.79;320.553;NA;18. Dez;Feb 33;85;62;21;0.5541
Erken;2;18.97;917.397;NA;18. Feb;Jun 13;123;76;26;0.6268
Erken;2;17.41;309.888;NA;18;Jan 67;245;138;70;0.5881
Erken;2;17.46;505.017;NA;17.98;Mär 23;236;182;73;0.583
Erken;2;19.1;784.512;NA;18.82;Jun 25;119;73;23;0.5972
Erken;2;16.35;671.571;NA;18. Jul;02. Dez;234;154;63;0.5956
Erken;2;18,00;517.284;NA;18. Jan;04. Jul;228;141;61;0.6416
Erken;2;16.28;309.888;NA;18.28;Jan 72;146;95;33;0.5641
Erken;2;17.81;579.816;NA;18;Mai 13;192;134;53;0.6043
Erken;2;17.94;404.415;NA;18.26;Feb 46;123;73;30;0.5921
Erken;2;18.63;815.049;NA;18.29;Aug 66;121;75;25;0.5937
Erken;2;18.12;547.893;NA;18;Feb 77;223;140;66;0.6038
Erken;2;33.04;1.633.158;NA;18.66;03. Feb;722;481;348;0.6801
Erken;2;23.53;835.065;NA;17. Mär;Jan 64;66;33;16;0.5585
Erken;2;36.14;558.486;NA;17. Mär;Apr 37;62;30;10;0.5736
Erken;2;19.52;703.422;NA;17. Jul;06. Mär;23;12;4;0.5525
Erken;2;21.3;795.249;NA;17. Jul;Mai 27;28;13;5;0.6116
Erken;2;25.1;720.522;NA;17. Jul;05. Mai;24;11;5;0.6003
Erken;2;21.46;76.311;NA;17. Jul;06. Feb;22;10;3;0.6362
Erken;2;22.1;41.355;NA;17.44;Feb 68;60;28;10;0.6147
Erken;2;20.95;538.614;NA;17.38;Apr 77;66;36;13;0.6298
Erken;2;22.25;88.686;NA;17. Jul;Mai 16;26;12;5;0.6418
Erken;2;45.73;413.622;NA;17. Mai;Feb 52;67;31;10;0.6664
Erken;2;19.69;567.837;NA;17. Apr;Mär 46;64;30;12;0.6289
Erken;2;16.26;598.374;NA;17. Aug;Mär 32;32;15;4;0.6028
Erken;2;22.46;505.233;NA;17. Mär;04. Mai;70;35;13;0.6544
Erken;2;20.21;587.637;NA;17. Jul;Apr 51;41;18;5;0.6071
Erken;2;19.9;691.443;NA;17.78;Apr 43;45;23;6;0.634
Erken;2;23.88;546.507;NA;17. Apr;Feb 62;128;71;33;0.6116
Erken;2;36.31;4.365.837;NA;17. Sep;03. Jun;142;85;54;0.7392
Erken;2;12.41;412.236;NA;17.41;0.62;136;81;35;0.5467
Erken;2;17.93;309.888;NA;17.44;0.95;149;88;32;0.562
Erken;2;14.1;16.488;NA;17.58;Jan 37;73;42;15;0.5382
Erken;2;15.06;227.412;NA;17.59;Jan 61;112;57;22;0.5738
Erken;2;16.45;134.271;NA;17.57;0.86;53;25;12;0.6079
Erken;2;16.74;206.082;NA;17. Mai;Jan 55;93;46;17;0.5641
Erken;2;15.21;123.678;NA;17.41;0.8;181;110;43;0.5767
Erken;2;14.91;175.473;NA;17.39;0.8;196;114;47;0.5741
Erken;2;15.54;279.279;NA;17. Jun;Jan 93;98;51;20;0.5672
Erken;2;13.89;166.338;NA;17. Apr;0.46;181;111;44;0.5902
Erken;2;15.16;206.082;NA;17. Apr;01. Mär;173;102;45;0.5697
Erken;2;14.15;177.003;NA;17.58;0.6;105;52;19;0.5366
Erken;2;14.69;270.072;NA;17.39;Jan 72;168;110;43;0.5649
Erken;2;14.94;20.754;NA;17.57;0.72;103;52;21;0.5443
Erken;2;14.74;277.893;NA;17.58;Jan 77;104;52;22;0.5443
Erken;2;14.42;196.947;NA;17.38;0.65;189;123;52;0.5701
Erken;2;35.62;740.466;NA;17. Jun;03. Aug;534;376;245;0.5937
Erken;2;12.41;132.885;Nov 56;NA;NA;NA;NA;NA;0.5364
Erken;2;17.93;247.356;12. Feb;NA;NA;NA;NA;NA;0.5776
Erken;2;14.1;172.701;12;NA;NA;NA;NA;NA;0.5166
Erken;2;15.06;223.182;Nov 55;NA;NA;NA;NA;NA;0.5336
Erken;2;16.45;223.254;Nov 36;NA;NA;NA;NA;NA;0.5636
Erken;2;16.74;233.847;Nov 31;NA;NA;NA;NA;NA;0.5331
Erken;2;15.21;0.93141;Nov 78;NA;NA;NA;NA;NA;0.5646
Erken;2;14.91;225.954;11. Aug;NA;NA;NA;NA;NA;0.5611
Erken;2;15.54;14.355;Nov 26;NA;NA;NA;NA;NA;0.5212
Erken;2;13.89;174.159;12. Feb;NA;NA;NA;NA;NA;0.5243
Erken;2;15.16;245.898;11. Jul;NA;NA;NA;NA;NA;0.5473
Erken;2;14.15;12.222;Nov 22;NA;NA;NA;NA;NA;0.5151
Erken;2;14.69;174.087;Okt 35;NA;NA;NA;NA;NA;0.5432
Erken;2;14.94;256.635;Nov 31;NA;NA;NA;NA;NA;0.5194
Erken;2;14.74;10.089;Okt 53;NA;NA;NA;NA;NA;0.5241
Erken;2;14.42;0.61146;Nov 87;NA;NA;NA;NA;NA;0.5093
Erken;2;35.62;0.93069;Nov 69;NA;NA;NA;NA;NA;0.5673
Skogaryd;1;25.86;113.013;19.45;20. Jun;NA;NA;NA;NA;0.5703
Skogaryd;1;21.13;106.365;20. Jan;20. Mai;NA;NA;NA;NA;0.5875
Skogaryd;1;21.68;96.186;20.22;20. Jul;NA;NA;NA;NA;0.5559
Skogaryd;1;21.03;110.406;20. Mär;20. Jun;NA;NA;NA;NA;0.5502
Skogaryd;1;23.57;1.239.552;20.64;20. Jul;NA;NA;NA;NA;0.5684
Skogaryd;1;23.98;1.276.668;20.57;20. Jun;NA;NA;NA;NA;0.4852
Skogaryd;1;23.3;1.148.688;20.87;20. Jul;NA;NA;NA;NA;0.4949
Skogaryd;1;22.77;1.074.744;20.61;20. Jul;NA;NA;NA;NA;0.5379
Skogaryd;1;22.25;10.692;20.55;20. Jul;NA;NA;NA;NA;0.5134
Skogaryd;1;23.24;123.372;21.14;20.75;NA;NA;NA;NA;0.5205
Skogaryd;1;24.46;1.239.552;20.46;20.75;NA;NA;NA;NA;0.5793
Skogaryd;1;24.24;1.196.892;19. Aug;20.78;NA;NA;NA;NA;0.5534
Skogaryd;1;25.82;1.441.188;20.39;20. Jul;NA;NA;NA;NA;0.5589
Skogaryd;1;23.93;1.356.156;20.63;20. Jul;NA;NA;NA;NA;0.545
Skogaryd;1;24.88;1.313.496;20.73;20. Jul;NA;NA;NA;NA;0.5448
Skogaryd;1;24.16;1.398.528;20.99;20. Jul;NA;NA;NA;NA;0.5185
Skogaryd;1;22.04;947.052;20.74;20. Aug;NA;NA;NA;NA;0.618
Skogaryd;1;22.84;98.388;NA;19. Jul;NA;NA;NA;NA;0.5295
Skogaryd;1;24.21;1.313.496;NA;19. Jul;NA;NA;NA;NA;0.5326
Skogaryd;1;22.61;946.764;NA;19. Aug;NA;NA;NA;NA;0.5406
Skogaryd;1;25.39;1.276.668;NA;19. Sep;NA;NA;NA;NA;0.5928
Skogaryd;1;23.39;1.148.688;NA;19.85;NA;NA;NA;NA;0.5107
Skogaryd;1;25.05;1.563.624;NA;20;NA;NA;NA;NA;0.5427
Skogaryd;1;25.15;946.764;NA;19.95;NA;NA;NA;NA;0.5448
Skogaryd;1;26.38;1.392.984;NA;19. Aug;NA;NA;NA;NA;0.5634
Skogaryd;1;25.64;1.234.008;NA;19. Sep;NA;NA;NA;NA;0.5571
Skogaryd;1;21.42;867.276;NA;19. Aug;NA;NA;NA;NA;0.525
Skogaryd;1;28.09;1.111.572;NA;19.85;NA;NA;NA;NA;0.5512
Skogaryd;1;24.07;947.052;NA;19. Sep;NA;NA;NA;NA;0.5516
Skogaryd;1;30.57;155.808;NA;19. Sep;NA;NA;NA;NA;0.5898
Skogaryd;1;26.48;1.148.688;NA;20;NA;NA;NA;NA;0.5393
Skogaryd;1;29.77;1.515.132;NA;20;NA;NA;NA;NA;0.5977
Skogaryd;1;25.3;1.068.912;NA;19. Sep;NA;NA;NA;NA;0.5458
Skogaryd;1;23.57;867.276;NA;20;NA;NA;NA;NA;0.5457
Skogaryd;1;23.3;1.020.708;NA;18;NA;NA;NA;NA;0.5771
Skogaryd;1;24.06;1.228.176;NA;18;NA;NA;NA;NA;0.5453
Skogaryd;1;23.1;1.063.368;NA;18.18;NA;NA;NA;NA;0.547
Skogaryd;1;27.94;1.765.548;NA;18. Jun;NA;NA;NA;NA;0.6152
Skogaryd;1;21.7;1.185.516;NA;18. Jul;NA;NA;NA;NA;0.5561
Skogaryd;1;25,00;1.765.548;NA;18. Jul;NA;NA;NA;NA;0.5793
Skogaryd;1;21.75;824.616;NA;18. Jun;NA;NA;NA;NA;0.5211
Skogaryd;1;28.55;155.808;NA;18. Jun;NA;NA;NA;NA;0.5777
Skogaryd;1;24.9;155.808;NA;18. Jun;NA;NA;NA;NA;0.5441
Skogaryd;1;22.32;106.308;NA;18. Jul;NA;NA;NA;NA;0.5156
Skogaryd;1;27.59;1.435.644;NA;18. Jul;NA;NA;NA;NA;0.6116
Skogaryd;1;25.21;98.388;NA;18. Jul;NA;NA;NA;NA;0.5639
Skogaryd;1;29.15;155.808;NA;18. Jul;NA;NA;NA;NA;0.6696
Skogaryd;1;24.26;1.106.028;NA;18. Jul;NA;NA;NA;NA;0.5445
Skogaryd;1;25.51;1.637.568;NA;18. Sep;NA;NA;NA;NA;0.5596
Skogaryd;1;28.83;1.270.836;NA;18. Jul;NA;NA;NA;NA;0.575
Skogaryd;1;27.17;947.052;NA;18. Aug;NA;NA;NA;NA;0.5653
Skogaryd;1;23.89;776.124;NA;18;NA;NA;NA;NA;0.7899
Skogaryd;1;25.72;947.052;NA;18. Jan;NA;NA;NA;NA;0.7158
Skogaryd;1;23.27;98.388;NA;18. Mär;NA;NA;NA;NA;0.7322
Skogaryd;1;25.25;1.313.496;NA;18.48;NA;NA;NA;NA;0.6304
Skogaryd;1;24.38;1.020.708;NA;18. Apr;NA;NA;NA;NA;0.6048
Skogaryd;1;20.08;1.356.444;NA;18. Apr;NA;NA;NA;NA;0.622
Skogaryd;1;23.26;702.468;NA;18. Mär;NA;NA;NA;NA;0.5844
Skogaryd;1;27.65;1.148.688;NA;18. Feb;NA;NA;NA;NA;0.618
Skogaryd;1;23.8;1.270.836;NA;18. Feb;NA;NA;NA;NA;0.5412
Skogaryd;1;23.73;781.956;NA;18. Mär;NA;NA;NA;NA;0.5604
Skogaryd;1;27.15;1.106.028;NA;18. Mär;NA;NA;NA;NA;0.6114
Skogaryd;1;26.72;861.732;NA;18.28;NA;NA;NA;NA;0.5548
Skogaryd;1;28.57;1.270.836;NA;18. Feb;NA;NA;NA;NA;0.6269
Skogaryd;1;23.18;1.143.144;NA;18. Mär;NA;NA;NA;NA;0.5421
Skogaryd;1;24.05;1.350.612;NA;18. Apr;NA;NA;NA;NA;0.5763
Skogaryd;1;25.33;1.063.368;NA;18. Mär;NA;NA;NA;NA;0.6176
Skogaryd;1;28.59;89.856;NA;18.25;NA;NA;NA;NA;0.6217
Skogaryd;1;25.02;537.372;NA;17. Sep;NA;120;71;35;0.4563
Skogaryd;1;25,00;617.148;NA;18;NA;110;69;32;0.5079
Skogaryd;1;20.75;494.712;NA;18. Jan;NA;66;39;17;0.5579
Skogaryd;1;22.07;978.048;NA;18. Jan;NA;80;41;18;0.4912
Skogaryd;1;21.07;62.298;NA;18. Feb;NA;95;58;22;0.4112
Skogaryd;1;22.25;904.392;NA;18. Feb;NA;83;45;18;0.4362
Skogaryd;1;26.32;580.032;NA;18. Jan;NA;117;67;33;0.5489
Skogaryd;1;27.89;702.468;NA;18;NA;106;67;29;0.5857
Skogaryd;1;22.18;696.636;NA;18;NA;88;56;20;0.5642
Skogaryd;1;24.36;53.766;NA;18. Jan;NA;108;67;33;0.5364
Skogaryd;1;26.09;659.808;NA;18. Mai;NA;110;62;27;0.5817
Skogaryd;1;22.06;702.468;NA;18. Jan;NA;85;47;20;0.5202
Skogaryd;1;29.83;702.468;NA;18. Jan;NA;115;67;33;0.5329
Skogaryd;1;22.74;739.584;NA;18. Feb;NA;79;42;20;0.5454
Skogaryd;1;25.06;94.122;NA;18. Feb;NA;80;49;20;0.5699
Skogaryd;1;31.71;782.244;NA;18. Feb;NA;120;73;40;0.6142
Skogaryd;1;26.37;739.584;NA;18. Apr;NA;900;400;120;0.6183
Skogaryd;1;18.38;201.924;21.91;18. Jan;NA;NA;NA;NA;0.4974
Skogaryd;1;21.97;122.436;22.26;18. Jan;NA;NA;NA;NA;0.5365
Skogaryd;1;17.73;207.756;20.52;18. Mär;NA;NA;NA;NA;0.4695
Skogaryd;1;15.48;0.85608;19. Jun;18. Apr;NA;NA;NA;NA;0.5245
Skogaryd;1;19.32;165.096;20.38;18. Mär;NA;NA;NA;NA;0.4667
Skogaryd;1;18.5;12.798;20.48;18. Mär;NA;NA;NA;NA;0.4854
Skogaryd;1;22.71;12.798;22. Mär;18. Feb;NA;NA;NA;NA;0.5645
Skogaryd;1;23.05;207.756;22.42;18.13;NA;NA;NA;NA;0.5409
Skogaryd;1;18.58;165.096;20.28;18.28;NA;NA;NA;NA;0.4866
Skogaryd;1;20.46;128.268;14;18. Feb;NA;NA;NA;NA;0.5239
Skogaryd;1;18.99;0.8532;17.27;18. Feb;NA;NA;NA;NA;0.5352
Skogaryd;1;20.45;287.532;20.61;18. Mär;NA;NA;NA;NA;0.4991
Skogaryd;1;19.95;0.85608;22. Mai;18. Feb;NA;NA;NA;NA;0.5634
Skogaryd;1;17.57;122.436;18.73;18. Mär;NA;NA;NA;NA;0.4746
Skogaryd;1;19.01;32.436;19.86;18. Mär;NA;NA;NA;NA;0.4874
Skogaryd;1;22.52;244.872;15. Mai;18. Feb;NA;NA;NA;NA;0.5269
Skogaryd;1;25.02;989.712;20.44;18. Mär;NA;NA;NA;NA;0.6324
Skogaryd;2;31.58;2.907.828;18.94;17. Mai;NA;NA;NA;NA;0.5932
Skogaryd;2;30.09;299.286;19. Jan;17. Jun;NA;NA;NA;NA;0.6398
Skogaryd;2;36.05;2.865.168;19.17;17. Jul;NA;NA;NA;NA;0.5835
Skogaryd;2;34.81;3.072.636;19. Mär;17. Jul;NA;NA;NA;NA;0.5691
Skogaryd;2;31.39;2.663.532;18.79;17. Jul;NA;NA;NA;NA;0.5661
Skogaryd;2;29.57;2.583.756;19.31;17. Jul;NA;NA;NA;NA;0.608
Skogaryd;2;29.43;2.504.268;18.86;17. Jul;NA;NA;NA;NA;0.602
Skogaryd;2;28.69;225.414;17.73;17. Jul;NA;NA;NA;NA;0.5796
Skogaryd;2;24.02;2.297.088;18.58;17. Jun;NA;NA;NA;NA;0.5801
Skogaryd;2;29.88;233.946;19.17;17. Aug;NA;NA;NA;NA;0.6291
Skogaryd;2;29.83;2.456.064;18.81;17. Aug;NA;NA;NA;NA;0.6049
Skogaryd;2;32.67;2.663.532;18.54;17. Aug;NA;NA;NA;NA;0.6046
Skogaryd;2;31.81;2.498.436;18.96;17. Aug;NA;NA;NA;NA;0.5983
Skogaryd;2;29.7;274.302;18.84;17. Jul;NA;NA;NA;NA;0.5991
Skogaryd;2;32.61;290.754;18.96;17. Aug;NA;NA;NA;NA;0.6463
Skogaryd;2;30.15;2.705.904;19. Mär;17. Aug;NA;NA;NA;NA;0.5684
Skogaryd;2;31.7;3.616.416;19.51;17. Aug;NA;NA;NA;NA;0.6351
Skogaryd;2;30.64;29.502;NA;16. Mai;NA;NA;NA;NA;0.65
Skogaryd;2;31.54;3.365.424;NA;16. Apr;NA;NA;NA;NA;0.643
Skogaryd;2;29.65;3.243.564;NA;16. Jul;NA;NA;NA;NA;0.6584
Skogaryd;2;28.63;376.956;NA;16. Jul;NA;NA;NA;NA;0.6461
Skogaryd;2;27.67;2.956.896;NA;16. Mai;NA;NA;NA;NA;0.5991
Skogaryd;2;27.54;4.019.976;NA;16. Jul;NA;NA;NA;NA;0.6195
Skogaryd;2;28.39;2.706.192;NA;16. Jun;NA;NA;NA;NA;0.5717
Skogaryd;2;29.87;2.828.628;NA;16. Mai;NA;NA;NA;NA;0.5731
Skogaryd;2;26.29;3.354.912;NA;16. Jun;NA;NA;NA;NA;0.6036
Skogaryd;2;26.17;233.946;NA;16. Jul;NA;NA;NA;NA;0.5712
Skogaryd;2;29.86;3.158.244;NA;16. Mai;NA;NA;NA;NA;0.6054
Skogaryd;2;28.98;2.987.892;NA;16. Jul;NA;NA;NA;NA;0.589
Skogaryd;2;33.66;3.690.072;NA;16.35;NA;NA;NA;NA;0.512
Skogaryd;2;31.13;331.722;NA;16. Jul;NA;NA;NA;NA;0.6044
Skogaryd;2;32.34;364.158;NA;16. Jul;NA;NA;NA;NA;0.4535
Skogaryd;2;27.66;2.987.316;NA;16. Jun;NA;NA;NA;NA;0.6258
Skogaryd;2;27.94;2.376.864;NA;16. Jul;NA;NA;NA;NA;0.5879
Skogaryd;2;29.81;2.131.992;NA;15. Apr;NA;NA;NA;NA;0.5987
Skogaryd;2;29.57;262.116;NA;15. Apr;NA;NA;NA;NA;0.6046
Skogaryd;2;28.41;2.669.652;NA;15. Mai;NA;NA;NA;NA;0.5738
Skogaryd;2;29.46;3.164.364;NA;15.45;NA;NA;NA;NA;0.5678
Skogaryd;2;27.1;2.339.748;NA;15. Mai;NA;NA;NA;NA;0.6288
Skogaryd;2;28.84;3.036.384;NA;15. Mai;NA;NA;NA;NA;0.5903
Skogaryd;2;30.33;2.211.768;NA;15. Mai;NA;NA;NA;NA;0.5924
Skogaryd;2;28.16;25.785;NA;15. Apr;NA;NA;NA;NA;0.6369
Skogaryd;2;31.4;2.994.012;NA;15. Mai;NA;NA;NA;NA;0.6914
Skogaryd;2;28.7;1.967.184;NA;15. Mai;NA;NA;NA;NA;0.6495
Skogaryd;2;29.22;2.822.796;NA;15. Apr;NA;NA;NA;NA;0.5535
Skogaryd;2;28.99;2.499.012;NA;15. Mai;NA;NA;NA;NA;0.5778
Skogaryd;2;31.27;2.908.692;NA;15. Mai;NA;NA;NA;NA;0.6307
Skogaryd;2;30.5;2.419.524;NA;15. Mai;NA;NA;NA;NA;0.6237
Skogaryd;2;30.49;315.882;NA;15. Apr;NA;NA;NA;NA;0.632
Skogaryd;2;29.87;1.796.832;NA;15. Mai;NA;NA;NA;NA;0.583
Skogaryd;2;35.25;332.946;NA;15. Mai;NA;NA;NA;NA;0.6719
Skogaryd;2;28.76;2.376.576;NA;14. Jul;NA;NA;NA;NA;0.6703
Skogaryd;2;30.38;2.700.936;NA;14. Aug;NA;NA;NA;NA;0.6878
Skogaryd;2;25.49;2.743.308;NA;14. Aug;NA;NA;NA;NA;0.627
Skogaryd;2;28.21;3.525.264;NA;14. Sep;NA;NA;NA;NA;0.6412
Skogaryd;2;27.14;2.302.632;NA;14. Sep;NA;NA;NA;NA;0.6808
Skogaryd;2;23.77;3.567.924;NA;14. Sep;NA;NA;NA;NA;0.607
Skogaryd;2;24.17;2.499.012;NA;14. Aug;NA;NA;NA;NA;0.5825
Skogaryd;2;23.83;2.914.236;NA;14. Aug;NA;NA;NA;NA;0.6401
Skogaryd;2;23.87;3.445.776;NA;14. Aug;NA;NA;NA;NA;0.6331
Skogaryd;2;24.67;2.668.788;NA;14. Sep;NA;NA;NA;NA;0.6468
Skogaryd;2;26.4;2.413.692;NA;14. Aug;NA;NA;NA;NA;0.6476
Skogaryd;2;22.41;2.302.632;NA;14. Sep;NA;NA;NA;NA;0.57
Skogaryd;2;27.66;2.987.892;NA;14. Jul;NA;NA;NA;NA;0.596
Skogaryd;2;26.41;2.828.052;NA;14. Sep;NA;NA;NA;NA;0.5639
Skogaryd;2;27.45;319.536;NA;15;NA;NA;NA;NA;0.6661
Skogaryd;2;26.92;2.210.904;NA;14. Sep;NA;NA;NA;NA;0.6288
Skogaryd;2;26.36;258.462;NA;14. Sep;NA;NA;NA;NA;0.6396
Skogaryd;2;28.18;2.674.332;NA;14. Jul;NA;NA;NA;NA;0.5921
Skogaryd;2;27.38;2.828.052;NA;14. Jul;NA;NA;NA;NA;0.6266
Skogaryd;2;24.65;2.504.268;NA;14. Jul;NA;NA;NA;NA;0.5576
Skogaryd;2;26.61;349.398;NA;14. Jul;NA;NA;NA;NA;0.5858
Skogaryd;2;27.18;2.350.836;NA;14. Jul;NA;NA;NA;NA;0.6573
Skogaryd;2;26.58;3.323.052;NA;14. Jul;NA;NA;NA;NA;0.6069
Skogaryd;2;25.51;2.546.352;NA;14. Jul;NA;NA;NA;NA;0.5759
Skogaryd;2;25.36;221.148;NA;14. Jul;NA;NA;NA;NA;0.6085
Skogaryd;2;24.39;2.871.288;NA;14. Jul;NA;NA;NA;NA;0.5919
Skogaryd;2;20.95;1.026.252;NA;14. Jul;NA;NA;NA;NA;0.5382
Skogaryd;2;25.09;1.722.312;NA;14. Jul;NA;NA;NA;NA;0.571
Skogaryd;2;24.34;2.179.908;NA;14. Jul;NA;NA;NA;NA;0.5926
Skogaryd;2;26.81;252.972;NA;14. Jul;NA;NA;NA;NA;0.5976
Skogaryd;2;26.76;2.094.588;NA;14. Jul;NA;NA;NA;NA;0.6359
Skogaryd;2;26.11;2.413.692;NA;14. Jul;NA;NA;NA;NA;0.5671
Skogaryd;2;29.17;2.045.808;NA;14. Jul;NA;NA;NA;NA;0.5957
Skogaryd;2;26.93;1.552.248;NA;NA;NA;NA;NA;NA;0.686
Skogaryd;2;28.09;250.866;17. Jun;13;NA;80;39;15;0.6361
Skogaryd;2;24.85;184.446;16.88;13. Jan;NA;93;50;24;0.5428
Skogaryd;2;27.3;1.509.012;16.77;13. Jan;NA;28;15;6;0.6083
Skogaryd;2;24.96;290.754;16.89;13. Jan;NA;34;14;5;0.596
Skogaryd;2;25.29;14.409;16.71;13. Jan;NA;17;9;3;0.5812
Skogaryd;2;21.96;2.046.672;16.85;13. Jan;NA;26;12;4;0.5653
Skogaryd;2;24.22;1.764.396;17.21;13. Jan;NA;85;48;21;0.5554
Skogaryd;2;24.08;1.722.312;17. Apr;13;NA;83;38;15;0.5498
Skogaryd;2;21.87;1.674.396;16.77;13. Jan;NA;33;14;4;0.5194
Skogaryd;2;20.01;690.804;16. Jul;13. Jan;NA;69;35;14;0.5468
Skogaryd;2;21.15;109.962;17. Jul;13. Jan;NA;66;35;17;0.5812
Skogaryd;2;19.15;89.244;16.97;13. Jan;NA;34;17;7;0.5355
Skogaryd;2;25.42;1.881.288;17. Sep;13. Jan;NA;80;42;19;0.5723
Skogaryd;2;30.09;2.199.528;16.93;13. Jan;NA;33;16;5;0.6174
Skogaryd;2;24.22;1.674.396;16.93;13. Jan;NA;33;16;6;0.5605
Skogaryd;2;28.03;1.965.744;17;13. Jan;NA;81;39;13;0.5801
Skogaryd;2;26.5;146.664;24.89;13. Jan;NA;78;31;11;0.7674
Asa;1;9.53;18.621;6.477;17. Aug;NA;NA;NA;NA;0.2385
Asa;1;6.76;195.417;6.549;17. Mai;NA;NA;NA;NA;0.2359
Asa;1;7.29;154.287;6.657;17. Jul;NA;NA;NA;NA;0.2935
Asa;1;9.99;236.691;6.431;17. Jul;NA;NA;NA;NA;0.26
Asa;1;6.96;175.545;6.665;17. Jul;NA;NA;NA;NA;0.2439
Asa;1;8.16;175.545;Jun 47;17. Jul;NA;NA;NA;NA;0.2593
Asa;1;7.78;184.824;6.514;17. Jul;NA;NA;NA;NA;0.2788
Asa;1;9.54;195.489;6.502;17. Jun;NA;NA;NA;NA;0.2491
Asa;1;7.51;195.417;7.332;17. Jul;NA;NA;NA;NA;0.2431
Asa;1;7.72;196.875;Jun 55;17. Jul;NA;NA;NA;NA;0.2445
Asa;1;7.38;175.617;06. Jun;17. Jul;NA;NA;NA;NA;0.2575
Asa;1;8.86;20.754;6.555;17. Jul;NA;NA;NA;NA;0.249
Asa;1;7.41;256.563;6.553;17. Jul;NA;NA;NA;NA;0.2203
Asa;1;7.66;216.819;6.511;17. Jul;NA;NA;NA;NA;0.2782
Asa;1;7.18;18.621;6.495;17. Jul;NA;NA;NA;NA;0.2576
Asa;1;11.16;216.819;6.509;17. Jul;NA;NA;NA;NA;0.2522
Asa;1;8.84;236.691;6.297;17. Jun;NA;NA;NA;NA;0.2721
Asa;1;8.85;0.93141;NA;16. Mai;NA;166;44;20;0.2515
Asa;1;9.82;154.287;NA;16. Apr;NA;171;60;31;0.2345
Asa;1;9.37;143.622;NA;16. Jul;NA;60;34;18;0.2673
Asa;1;13,00;277.893;NA;16. Jul;NA;56;33;15;0.305
Asa;1;9.39;123.678;NA;16. Aug;NA;53;32;16;0.2906
Asa;1;9.77;164.952;NA;16. Jul;NA;59;39;21;0.2901
Asa;1;8.75;113.013;NA;16. Jul;NA;152;74;38;0.286
Asa;1;9.9;155.673;NA;16. Mai;NA;142;81;39;0.249
Asa;1;11.72;236.691;NA;16. Apr;NA;64;37;16;0.2653
Asa;1;9.13;145.008;NA;16. Jun;NA;102;59;28;0.2761
Asa;1;9.98;195.489;NA;16. Mai;NA;109;64;32;0.2746
Asa;1;8.34;175.545;NA;16. Mai;NA;60;31;16;0.2635
Asa;1;10.95;277.893;NA;16. Mai;NA;107;60;31;0.2631
Asa;1;9.51;175.545;NA;16. Mai;NA;46;33;15;0.2958
Asa;1;9.17;265.842;NA;16. Jun;NA;45;26;12;0.2757
Asa;1;11.1;18.621;NA;16. Mai;NA;130;79;40;0.2598
Asa;1;6.92;215.433;NA;16. Jul;NA;200;140;94;0.2046
Asa;1;9.51;0.30537;NA;17.48;NA;NA;NA;NA;0.4572
Asa;1;10.6;0.53325;NA;17. Jun;NA;NA;NA;NA;0.441
Asa;1;9.82;0.31995;NA;17. Jun;NA;NA;NA;NA;0.3733
Asa;1;11.56;134.343;NA;17. Jun;NA;NA;NA;NA;0.4669
Asa;1;9.44;0.32067;NA;17. Jun;NA;NA;NA;NA;0.3184
Asa;1;11.01;103.806;NA;17. Jun;NA;NA;NA;NA;0.345
Asa;1;8.7;0.22788;NA;17. Jun;NA;NA;NA;NA;0.3911
Asa;1;9.33;0.82476;NA;17. Jun;NA;NA;NA;NA;0.3886
Asa;1;9.36;113.085;NA;17. Jun;NA;NA;NA;NA;0.4048
Asa;1;9.95;0.6399;NA;17. Jun;NA;NA;NA;NA;0.2898
Asa;1;8.72;0.83934;NA;17. Jun;NA;NA;NA;NA;0.3502
Asa;1;9.55;0.42732;NA;17. Mai;NA;NA;NA;NA;0.33
Asa;1;9.76;114.543;NA;17. Mai;NA;NA;NA;NA;0.3191
Asa;1;8.63;114.471;NA;17. Jun;NA;NA;NA;NA;0.3399
Asa;1;9.25;155.745;NA;17. Jun;NA;NA;NA;NA;0.3117
Asa;1;8.19;0.51939;NA;17. Jun;NA;NA;NA;NA;0.3393
Asa;1;8.82;164.952;NA;17.44;NA;NA;NA;NA;0.3181
Asa;1;11.61;0.2286;NA;17. Jan;NA;1314;194;117;0.355
Asa;1;9.81;0.53397;NA;17. Jan;NA;1295;162;101;0.3618
Asa;1;9.67;0.32067;NA;17. Feb;NA;401;90;49;0.3675
Asa;1;12.11;134.415;NA;17. Feb;NA;195;111;61;0.3417
Asa;1;9.32;0.32067;NA;17. Feb;NA;469;120;62;0.3099
Asa;1;9.31;0.62604;NA;17. Feb;NA;583;117;66;0.3475
Asa;1;8.95;0.42732;NA;17. Jan;NA;1360;219;132;0.3108
Asa;1;9.88;0.73341;NA;17;NA;1341;235;121;0.3474
Asa;1;10.43;125.208;NA;17. Feb;NA;581;116;58;0.3356
Asa;1;8.92;0.42732;NA;17. Feb;NA;1308;207;114;0.3276
Asa;1;9.48;0.62604;NA;17. Jan;NA;1334;216;136;0.3547
Asa;1;9.56;0.33525;NA;17. Feb;NA;604;135;80;0.3274
Asa;1;9.03;114.471;NA;17. Feb;NA;1322;180;115;0.3109
Asa;1;9.61;0.64062;NA;17. Feb;NA;266;109;64;0.3149
Asa;1;9.6;184.896;NA;17.25;NA;550;119;71;0.3061
Asa;1;7.57;0.64062;NA;17. Feb;NA;1338;267;142;0.3087
Asa;1;6.82;186.282;NA;17. Feb;NA;1192;857;532;0.3027
Asa;1;10.08;0.09279;NA;19. Aug;NA;1290;215;125;0.2374
Asa;1;12.44;0.61146;NA;19. Jul;NA;1260;225;125;0.3108
Asa;1;12.89;0.2133;NA;19. Aug;NA;530;118;80;0.2786
Asa;1;12.79;163.494;NA;19. Aug;NA;525;160;90;0.3075
Asa;1;13.19;0.51867;NA;19. Aug;NA;580;125;75;0.3048
Asa;1;10.2;0.71811;NA;19. Aug;NA;585;135;75;0.3174
Asa;1;9.88;0.41274;NA;19. Jul;NA;1340;220;125;0.2663
Asa;1;8.81;0.21402;NA;19. Aug;NA;1330;230;148;0.2922
Asa;1;9.4;16.488;NA;19. Aug;NA;480;110;62;0.3069
Asa;1;8.2;0.73269;NA;19. Aug;NA;1320;200;128;0.3238
Asa;1;8.91;114.471;NA;19. Aug;NA;1250;205;132;0.3031
Asa;1;10.47;0.71811;NA;19. Aug;NA;600;150;90;0.2632
Asa;1;9.28;16.488;NA;19. Aug;NA;1290;185;104;0.3006
Asa;1;8.6;0.93141;NA;19. Sep;NA;350;150;77;0.2807
Asa;1;9.9;226.026;NA;19.95;NA;590;160;75;0.2986
Asa;1;9.01;0.51939;NA;19. Sep;NA;1350;255;175;0.2924
Asa;1;6.29;184.824;NA;19. Sep;NA;1350;850;600;0.229
Asa;1;10.54;0.30609;6.839;16. Apr;NA;NA;NA;NA;0.257
Asa;1;10.93;0.51867;6.533;16. Jun;NA;NA;NA;NA;0.2874
Asa;1;11.31;0.31995;6.316;16. Jun;NA;NA;NA;NA;0.2262
Asa;1;12.03;0.62604;5.901;16. Jun;NA;NA;NA;NA;0.2616
Asa;1;12.72;0.21402;Jun 23;16. Jun;NA;NA;NA;NA;0.2631
Asa;1;10.73;0.62604;6.341;16. Jul;NA;NA;NA;NA;0.2763
Asa;1;10.44;0.32067;6.396;16. Jun;NA;NA;NA;NA;0.2575
Asa;1;10.51;0.33525;6.624;16. Mai;NA;NA;NA;NA;0.2782
Asa;1;11.05;113.085;5.712;16. Mai;NA;NA;NA;NA;0.2824
Asa;1;9.47;0.41274;7.809;16. Mai;NA;NA;NA;NA;0.2842
Asa;1;11.12;0.62604;7.779;16. Mai;NA;NA;NA;NA;0.2931
Asa;1;11.12;0.51939;6.398;16.55;NA;NA;NA;NA;0.256
Asa;1;10.15;0.73269;6.411;16. Mai;NA;NA;NA;NA;0.2862
Asa;1;10.84;0.53397;6.089;16. Mai;NA;NA;NA;NA;0.2381
Asa;1;11.54;0.53397;5.937;16. Jun;NA;NA;NA;NA;0.3047
Asa;1;9.82;0.33453;6.467;16. Jun;NA;NA;NA;NA;0.266
Asa;1;6.96;114.471;7.784;16. Jun;NA;NA;NA;NA;0.2777
Asa;2;8,00;0.91683;6.438;18. Jun;NA;NA;NA;NA;0.2708
Asa;2;7.7;16.488;6.267;18. Mai;NA;NA;NA;NA;0.2677
Asa;2;6.97;14.355;6.369;18. Mai;NA;NA;NA;NA;0.2704
Asa;2;8.01;154.287;6.375;18. Mai;NA;NA;NA;NA;0.3088
Asa;2;7.13;114.471;6.573;18. Apr;NA;NA;NA;NA;0.3061
Asa;2;6.61;132.885;6.335;18. Mai;NA;NA;NA;NA;0.3114
Asa;2;7.3;113.013;6.518;18. Mai;NA;NA;NA;NA;0.308
Asa;2;6.98;154.287;6.481;18. Jun;NA;NA;NA;NA;0.3125
Asa;2;6.83;125.136;6.474;18. Jun;NA;NA;NA;NA;0.2998
Asa;2;5.95;152.829;6.221;18. Jun;NA;NA;NA;NA;0.2852
Asa;2;5.84;154.215;Jun 35;18. Jun;NA;NA;NA;NA;0.3013
Asa;2;6.46;14.355;6.254;18. Jun;NA;NA;NA;NA;0.2862
Asa;2;6.87;154.215;6.409;18. Mai;NA;NA;NA;NA;0.3017
Asa;2;5.98;154.287;Jun 32;18. Jun;NA;NA;NA;NA;0.3103
Asa;2;5.55;12.222;6.322;18. Jun;NA;NA;NA;NA;0.2956
Asa;2;6.02;16.488;7.301;18. Jun;NA;NA;NA;NA;0.308
Asa;2;5.89;184.824;7.363;18. Jul;NA;NA;NA;NA;0.3011
Asa;2;5.98;0.93069;NA;17. Sep;NA;143;88;34;0.3008
Asa;2;6.78;196.875;NA;17. Sep;NA;135;88;40;0.3079
Asa;2;7.98;143.622;NA;18. Jan;NA;58;43;17;0.3216
Asa;2;6.77;235.233;NA;18. Feb;NA;88;50;19;0.3216
Asa;2;6.33;14.355;NA;18. Mär;NA;110;65;22;0.3056
Asa;2;7.77;245.898;NA;18. Mär;NA;126;81;33;0.3099
Asa;2;7.17;113.013;NA;18. Jan;NA;224;146;61;0.3131
Asa;2;8.99;195.489;NA;18;NA;220;149;61;0.3324
Asa;2;7.71;184.824;NA;18. Mär;NA;99;58;21;0.3228
Asa;2;7.02;152.757;NA;18. Mär;NA;189;139;58;0.3007
Asa;2;7.01;204.696;NA;18. Jan;NA;203;130;55;0.2971
Asa;2;6.32;14.355;NA;18. Jan;NA;137;85;37;0.3017
Asa;2;7.51;174.159;NA;18;NA;194;128;60;0.3282
Asa;2;6.82;114.471;NA;18. Feb;NA;127;81;33;0.2833
Asa;2;7.05;215.361;NA;18. Mär;NA;140;89;35;0.3335
Asa;2;6.9;0.94599;NA;18. Feb;NA;244;183;72;0.2952
Asa;2;6.22;195.489;NA;18. Aug;NA;745;585;426;0.2732
Asa;2;6.6;113.013;NA;18. Mai;NA;NA;NA;NA;0.2664
Asa;2;6.65;184.824;NA;18. Mai;NA;NA;NA;NA;0.2849
Asa;2;5.98;175.617;NA;18. Mai;NA;NA;NA;NA;0.2622
Asa;2;8.52;296.379;NA;18. Aug;NA;NA;NA;NA;0.2807
Asa;2;8.47;184.824;NA;18. Jul;NA;NA;NA;NA;0.3008
Asa;2;8.35;349.704;NA;18. Aug;NA;NA;NA;NA;0.3094
Asa;2;7.02;175.545;NA;18. Aug;NA;NA;NA;NA;0.2623
Asa;2;8.01;287.172;NA;18. Jun;NA;NA;NA;NA;0.3
Asa;2;9.53;339.039;NA;18. Jul;NA;NA;NA;NA;0.3065
Asa;2;7.15;145.008;NA;18. Jun;NA;NA;NA;NA;0.2881
Asa;2;7.15;337.581;NA;18. Jun;NA;NA;NA;NA;0.3036
Asa;2;7.28;145.008;NA;18. Jul;NA;NA;NA;NA;0.2688
Asa;2;7.92;247.356;NA;18. Jul;NA;NA;NA;NA;0.3029
Asa;2;8.46;123.678;NA;18. Aug;NA;NA;NA;NA;0.2708
Asa;2;7.92;296.379;NA;18. Sep;NA;NA;NA;NA;0.2815
Asa;2;9.01;125.136;NA;18. Aug;NA;NA;NA;NA;0.3103
Asa;2;6.4;175.617;NA;18. Sep;NA;NA;NA;NA;0.2841
Asa;2;5.16;0.82476;NA;17. Jun;NA;NA;NA;NA;0.2685
Asa;2;7.44;113.085;NA;17. Jun;NA;NA;NA;NA;0.2831
Asa;2;7.29;123.678;NA;18;NA;NA;NA;NA;0.2512
Asa;2;6.85;247.356;NA;18. Jan;NA;NA;NA;NA;0.2679
Asa;2;7.48;134.343;NA;18;NA;NA;NA;NA;0.2735
Asa;2;8.17;287.172;NA;18;NA;NA;NA;NA;0.3083
Asa;2;6.54;123.678;NA;17. Jul;NA;NA;NA;NA;0.2725
Asa;2;8.01;0.51867;NA;17. Aug;NA;NA;NA;NA;0.2937
Asa;2;9.02;307.044;NA;18;NA;NA;NA;NA;0.3003
Asa;2;5.48;0.93141;NA;17. Sep;NA;NA;NA;NA;0.2793
Asa;2;6.58;16.488;NA;17. Aug;NA;NA;NA;NA;0.2865
Asa;2;7.31;10.242;NA;18. Jan;NA;NA;NA;NA;0.2684
Asa;2;8.27;285.714;NA;17. Sep;NA;NA;NA;NA;0.291
Asa;2;6.73;154.215;NA;18. Feb;NA;NA;NA;NA;0.2724
Asa;2;6.82;175.617;NA;18. Jan;NA;NA;NA;NA;0.2871
Asa;2;6.85;0.82476;NA;18;NA;NA;NA;NA;0.2847
Asa;2;7.46;174.159;NA;18.45;NA;NA;NA;NA;0.2971
Asa;2;5.76;0.53397;NA;17. Jun;NA;NA;NA;NA;0.2777
Asa;2;6.1;0.93141;NA;17. Jun;NA;NA;NA;NA;0.2917
Asa;2;6.78;0.94599;NA;17. Sep;NA;NA;NA;NA;0.2707
Asa;2;6.71;134.415;NA;17. Sep;NA;NA;NA;NA;0.2643
Asa;2;8.29;0.42732;NA;17. Sep;NA;NA;NA;NA;0.2769
Asa;2;7.82;14.508;NA;17. Sep;NA;NA;NA;NA;0.2761
Asa;2;5.96;0.91755;NA;17. Jul;NA;NA;NA;NA;0.2807
Asa;2;7,00;175.617;NA;17. Jul;NA;NA;NA;NA;0.2995
Asa;2;7.22;174.159;NA;17. Sep;NA;NA;NA;NA;0.3017
Asa;2;5.69;0.62604;NA;17. Jul;NA;NA;NA;NA;0.2708
Asa;2;7.57;134.343;NA;17. Jul;NA;NA;NA;NA;0.2734
Asa;2;6.27;0.71811;NA;17. Sep;NA;NA;NA;NA;0.2608
Asa;2;8.04;204.696;NA;17. Jul;NA;NA;NA;NA;0.2832
Asa;2;6.41;0.81018;NA;17. Sep;NA;NA;NA;NA;0.2616
Asa;2;6.72;145.008;NA;17. Sep;NA;NA;NA;NA;0.2732
Asa;2;8.23;0.82476;NA;17. Aug;NA;NA;NA;NA;0.2697
Asa;2;6.53;152.829;NA;18. Jan;NA;NA;NA;NA;0.2968
Asa;2;10.32;0.41274;5.703;15.25;NA;155;88;40;0.2722
Asa;2;8.01;0.82476;5.626;15. Feb;NA;176;102;48;0.2603
Asa;2;8.83;163.494;Mai 53;15. Apr;NA;90;52;23;0.2716
Asa;2;7.71;10.242;5.542;15. Apr;NA;61;35;15;0.2572
Asa;2;8.26;113.013;5.433;15. Apr;NA;65;38;15;0.253
Asa;2;6.76;0.93141;5.431;15. Apr;NA;68;43;18;0.26
Asa;2;7.48;0.73269;5.539;15.28;NA;170;110;51;0.2589
Asa;2;8.11;0.93141;5.704;15. Feb;NA;175;105;45;0.267
Asa;2;7.69;0.82476;Mai 47;15. Mär;NA;76;44;19;0.2602
Asa;2;6.01;0.82476;Mai 66;15. Mär;NA;170;100;50;0.2782
Asa;2;6.82;113.013;5.616;15. Mär;NA;210;128;65;0.2618
Asa;2;8.34;122.292;5.334;15. Apr;NA;130;81;38;0.2588
Asa;2;6.32;114.471;5.635;15. Mär;NA;300;175;81;0.2658
Asa;2;7.21;113.013;Mai 43;15. Apr;NA;155;95;41;0.2625
Asa;2;7.41;134.415;5.389;15. Apr;NA;130;82;40;0.257
Asa;2;9.51;0.93141;5.894;15.28;NA;NA;NA;NA;0.2543
Asa;2;7.56;0.2133;6.325;15. Apr;NA;NA;NA;NA;0.3317
Bolmen;1;20.18;12.375;Okt 59;18. Mär;NA;200;110;50;0.5538
Bolmen;1;15.66;114.471;9.552;18. Apr;NA;160;80;39;0.5329
Bolmen;1;15.58;166.338;9.475;18. Mai;NA;180;110;50;0.5521
Bolmen;1;14,00;206.154;10. Apr;18. Jun;NA;212;135;60;0.4274
Bolmen;1;13.52;14.508;9.861;18. Apr;NA;180;90;40;0.3765
Bolmen;1;13.29;155.673;10. Dez;18.58;NA;146;184;44;0.4164
Bolmen;1;13.74;195.489;Okt 92;18. Jul;NA;200;105;53;0.3892
Bolmen;1;14.57;143.622;Sep 47;18. Aug;NA;210;132;71;0.3958
Bolmen;1;15.96;226.098;9.386;18. Jul;NA;175;95;42;0.4133
Bolmen;1;13.88;24.597;9.173;18. Jul;NA;150;83;34;0.3949
Bolmen;1;14.12;236.763;9.327;18. Aug;NA;177;87;44;0.3814
Bolmen;1;13.98;258.021;Okt 33;18.85;NA;194;106;56;0.3728
Bolmen;1;13.83;317.781;Okt 52;18. Jul;NA;140;105;60;0.4003
Bolmen;1;15.86;308.502;9.641;18. Sep;NA;150;99;52;0.3954
Bolmen;1;13.24;204.696;10. Mai;18. Aug;NA;140;72;36;0.3797
Bolmen;1;13.62;175.545;Okt 31;18.85;NA;194;127;66;0.4027
Bolmen;1;38.08;195.561;9.648;19;NA;1000;600;400;0.4144
Bolmen;1;13.93;195.489;NA;18. Jan;NA;262;111;38;0.3875
Bolmen;1;14.24;174.159;NA;18. Jan;NA;260;110;43;0.3913
Bolmen;1;15.35;164.952;NA;18. Jan;NA;141;64;18;0.4003
Bolmen;1;15.73;145.008;NA;18. Feb;NA;165;79;26;0.4003
Bolmen;1;14.3;2.673;NA;18. Mär;NA;115;52;16;0.379
Bolmen;1;14.24;297.837;NA;18. Mär;NA;98;44;12;0.3844
Bolmen;1;14.11;12.375;NA;18. Feb;NA;135;65;28;0.3306
Bolmen;1;13.53;287.172;NA;18. Feb;NA;218;111;40;0.3757
Bolmen;1;14.26;206.226;NA;18. Mär;NA;140;67;20;0.3862
Bolmen;1;13.59;265.842;NA;18. Feb;NA;240;115;48;0.3573
Bolmen;1;13.51;184.824;NA;18. Feb;NA;223;100;44;0.1353
Bolmen;1;12.4;235.233;NA;18. Feb;NA;114;75;34;0.3622
Bolmen;1;13.15;164.952;NA;18. Feb;NA;150;80;37;0.3373
Bolmen;1;14.59;206.154;NA;18. Mär;NA;96;63;21;0.3709
Bolmen;1;14.02;236.691;NA;18. Mär;NA;108;71;25;0.3677
Bolmen;1;14.03;245.898;NA;18. Mär;NA;241;133;52;0.3576
Bolmen;1;15.21;265.842;NA;18. Jan;NA;900;500;350;0.4163
Bolmen;1;21.88;409.464;NA;17;NA;409;115;51;0.3763
Bolmen;1;20.97;409.536;NA;17. Aug;NA;220;117;47;0.2633
Bolmen;1;16.58;226.098;NA;17. Feb;NA;162;69;20;0.3732
Bolmen;1;17.29;420.057;NA;17. Feb;NA;135;61;27;0.3526
Bolmen;1;16.93;357.597;NA;17. Feb;NA;102;66;21;0.3296
Bolmen;1;17.57;540.963;NA;17. Feb;NA;105;63;23;0.3623
Bolmen;1;16.25;299.295;NA;17. Jan;NA;240;140;52;0.3613
Bolmen;1;16.86;348.318;NA;17. Jan;NA;360;152;58;0.3473
Bolmen;1;18.74;450.666;NA;17. Feb;NA;146;71;27;0.3646
Bolmen;1;17.05;256.635;NA;17. Feb;NA;430;175;66;0.3218
Bolmen;1;15.01;277.965;NA;17. Feb;NA;580;188;80;0.3004
Bolmen;1;13.15;226.098;NA;17.23;NA;202;110;46;0.3505
Bolmen;1;15.58;380.313;NA;17. Jan;NA;270;138;45;0.3351
Bolmen;1;16.2;400.185;NA;17. Feb;NA;144;70;24;0.3105
Bolmen;1;16.28;511.812;NA;17. Mär;NA;117;68;21;0.3174
Bolmen;1;14.63;349.704;NA;17. Feb;NA;249;144;63;0.3038
Bolmen;1;13.43;276.507;NA;17. Mär;NA;600;298;174;0.3361
Bolmen;1;18.08;380.313;NA;15. Sep;NA;106;51;20;0.5704
Bolmen;1;20.14;432.252;NA;15. Aug;NA;119;52;23;0.5324
Bolmen;1;15.78;420.129;NA;16;NA;63;20;5;0.4078
Bolmen;1;16.94;38.952;NA;16. Jan;NA;37;34;11;0.4311
Bolmen;1;16.4;583.623;NA;16;NA;67;32;11;0.3991
Bolmen;1;17.05;511.884;NA;16;NA;70;28;10;0.3502
Bolmen;1;14.2;277.965;NA;15. Sep;NA;138;60;25;0.3741
Bolmen;1;16.48;226.098;NA;15. Sep;NA;153;64;28;0.3474
Bolmen;1;17.37;481.275;NA;15. Sep;NA;58;39;11;0.3661
Bolmen;1;18.32;329.832;NA;16. Jan;NA;155;70;34;0.3517
Bolmen;1;15.45;2.673;NA;16;NA;103;47;18;0.3416
Bolmen;1;14.28;277.965;NA;16;NA;44;22;8;0.3492
Bolmen;1;15.68;358.911;NA;16;NA;150;72;25;0.3497
Bolmen;1;15.29;400.185;NA;16. Jan;NA;53;23;8;0.3656
Bolmen;1;15.86;47.061;NA;16;NA;54;21;8;0.3365
Bolmen;1;12.97;247.356;NA;16;NA;130;60;35;0.3471
Bolmen;1;13.9;287.172;NA;16. Jan;NA;235;118;62;0.3142
Bolmen;1;19.66;0.73269;NA;16. Jan;NA;203;112;48;0.4284
Bolmen;1;21.63;215.361;NA;16. Mär;NA;184;101;49;0.4244
Bolmen;1;17.74;195.489;NA;16. Mai;NA;99;63;17;0.3373
Bolmen;1;17.96;256.635;NA;16. Mai;NA;134;70;25;0.3489
Bolmen;1;17.64;184.752;NA;16. Mai;NA;121;62;19;0.3127
Bolmen;1;17.81;398.727;NA;16. Mai;NA;107;54;23;0.3455
Bolmen;1;12.78;0.82476;NA;16. Mai;NA;275;146;62;0.3336
Bolmen;1;15,00;0.94599;NA;16. Apr;NA;299;153;65;ND
Bolmen;1;17.86;369.648;NA;16. Mai;NA;151;55;29;0.3381
Bolmen;1;14.93;12.375;NA;16. Apr;NA;228;103;33;0.3332
Bolmen;1;14.86;175.545;NA;16. Mai;NA;209;122;56;0.3363
Bolmen;1;14.75;256.635;NA;16. Mai;NA;190;84;40;0.3412
Bolmen;1;14.93;103.806;NA;16.43;NA;212;105;59;0.3067
Bolmen;1;14.72;16.488;NA;16. Mai;NA;134;51;12;0.3041
Bolmen;1;15.53;216.819;NA;16. Jun;NA;86;53;32;0.3882
Bolmen;1;12.64;0.53397;NA;16. Jun;NA;129;47;15;0.297
Bolmen;1;16.44;256.635;NA;16. Jul;NA;187;104;54;0.3497
Bolmen;1;17.73;0.32067;Okt 27;16. Aug;NA;200;100;40;0.39
Bolmen;1;15.89;0.2133;10. Sep;16. Sep;NA;215;110;80;0.3538
Bolmen;1;15.71;0.21402;9.543;17;NA;450;200;50;0.3072
Bolmen;1;21.64;0.93141;9.561;17.15;NA;300;91;40;0.2172
Bolmen;1;16.11;0.51939;9.292;17. Feb;NA;50;25;12;0.3532
Bolmen;1;17.42;103.806;9.267;17. Feb;NA;550;70;35;0.2995
Bolmen;1;13.73;0.21402;Sep 61;17. Jan;NA;215;185;77;0.2924
Bolmen;1;14.07;0.31995;9.552;17. Jan;NA;1300;162;80;0.3365
Bolmen;1;14.84;0.4266;9.072;17. Feb;NA;80;40;18;0.2429
Bolmen;1;13.76;0.2133;9.412;17. Feb;NA;200;104;90;0.2777
Bolmen;1;13.12;0.32067;9.421;17. Feb;NA;300;150;50;0.3005
Bolmen;1;13.69;0.31995;9.133;17. Apr;NA;120;46;20;0.2926
Bolmen;1;25.54;0.32067;Sep 65;17. Feb;NA;175;105;69;0.3234
Bolmen;1;13.3;0.33453;9.208;17. Mär;NA;140;85;44;0.2638
Bolmen;1;14.86;0.53325;9.028;17. Apr;NA;500;98;50;0.2898
Bolmen;1;13.93;0.32067;9.582;17. Mär;NA;500;180;81;0.353
Bolmen;1;15.98;348.318;9.201;NA;NA;1000;500;350;0.3788
Bolmen;2;16,00;204.696;9.252;18. Jan;NA;113;48;17;0.3615
Bolmen;2;14.66;226.026;9.107;18. Feb;NA;126;56;19;0.3751
Bolmen;2;13.6;226.026;09. Apr;18. Mai;NA;103;51;17;0.3285
Bolmen;2;13.87;186.282;9.227;18. Jul;NA;114;55;20;0.3393
Bolmen;2;12.66;247.428;9.009;18. Mai;NA;233;158;72;0.304
Bolmen;2;13.35;195.489;9.065;18. Mai;NA;190;111;64;0.2845
Bolmen;2;12.49;143.622;8.614;18. Mär;NA;470;252;92;0.263
Bolmen;2;12.22;247.356;8.871;18. Apr;NA;1120;307;113;0.2957
Bolmen;2;15.48;2.673;8.857;18. Mai;NA;174;106;57;0.299
Bolmen;2;14.25;163.494;8.747;18. Apr;NA;157;87;33;0.2703
Bolmen;2;11.5;143.622;8.752;18. Mär;NA;299;172;81;0.2495
Bolmen;2;13.63;152.829;8.338;18. Mai;NA;282;144;75;0.2765
Bolmen;2;14.77;235.233;Aug 89;18. Apr;NA;154;78;34;0.2972
Bolmen;2;13.59;221.724;8.958;18.53;NA;121;56;17;0.3288
Bolmen;2;13.82;256.635;7.386;18.58;NA;124;55;19;0.2903
Bolmen;2;11.78;14.355;8.813;18. Apr;NA;164;80;27;0.2926
Bolmen;2;13.33;522.405;8.843;18. Jan;NA;226;188;116;0.3105
Bolmen;2;13.7;123.678;NA;17. Jun;NA;214;118;37;0.3418
Bolmen;2;13.4;204.624;NA;17. Jul;NA;224;123;40;0.314
Bolmen;2;13.05;215.361;NA;17. Aug;NA;81;30;11;0.3051
Bolmen;2;13.64;296.379;NA;17. Sep;NA;116;68;25;0.3409
Bolmen;2;13.11;277.965;NA;18;NA;102;51;23;0.3109
Bolmen;2;14.6;256.635;NA;17. Sep;NA;135;52;15;0.3079
Bolmen;2;12.75;184.824;NA;17. Aug;NA;250;111;42;0.2852
Bolmen;2;12.55;235.305;NA;17. Sep;NA;225;103;45;0.3195
Bolmen;2;14.56;429.264;NA;18;NA;120;58;19;0.3108
Bolmen;2;12.62;235.305;NA;17. Sep;NA;179;84;30;0.2921
Bolmen;2;12.29;22.464;NA;17. Aug;NA;181;96;37;0.2819
Bolmen;2;12.85;204.768;NA;17. Sep;NA;169;81;33;0.2921
Bolmen;2;15.71;336.195;NA;17. Sep;NA;184;68;38;0.3097
Bolmen;2;12.75;224.568;NA;17. Sep;NA;112;53;22;0.2927
Bolmen;2;14.11;174.087;NA;18;NA;107;58;21;0.3096
Bolmen;2;11.44;14.355;NA;17. Sep;NA;214;109;46;0.2587
Bolmen;2;12.82;163.494;NA;18;NA;726;491;280;0.2647
Bolmen;2;12.58;226.026;NA;17. Mai;NA;241;124;49;0.3307
Bolmen;2;14.26;308.502;NA;17. Jun;NA;289;174;62;0.3351
Bolmen;2;12.91;378.855;NA;17. Jul;NA;132;76;22;0.3434
Bolmen;2;15.27;369.648;NA;17. Aug;NA;140;80;30;0.3321
Bolmen;2;15.98;574.344;NA;17. Aug;NA;112;60;16;0.2706
Bolmen;2;14.65;297.837;NA;17. Aug;NA;64;33;10;0.3789
Bolmen;2;12,00;358.911;NA;17. Jul;NA;146;85;33;0.263
Bolmen;2;14.53;38.952;NA;17. Jun;NA;164;80;37;0.2957
Bolmen;2;16.07;308.502;NA;17. Jul;NA;72;37;11;0.299
Bolmen;2;12.55;503.919;NA;17. Jul;NA;166;97;40;0.2703
Bolmen;2;16.05;339.039;NA;17. Jun;NA;163;70;35;0.2495
Bolmen;2;12.74;277.893;NA;17. Jul;NA;81;36;18;0.2765
Bolmen;2;15.56;369.576;NA;17. Jul;NA;150;83;30;0.2972
Bolmen;2;11.82;319.095;NA;17. Jul;NA;93;42;17;0.3288
Bolmen;2;12.71;523.863;NA;17. Aug;NA;88;62;16;0.2903
Bolmen;2;9.74;16.488;NA;17. Jul;NA;151;72;31;0.2926
Bolmen;2;12.92;398.727;NA;17. Jul;NA;276;155;97;0.3105
Bolmen;2;15.2;226.098;NA;17. Apr;NA;102;53;19;0.3919
Bolmen;2;15.16;348.318;NA;17. Apr;NA;99;48;17;0.3792
Bolmen;2;12.58;24.597;NA;17. Mai;NA;30;14;4;0.3343
Bolmen;2;15.41;358.983;NA;17. Jun;NA;47;14;5;0.3437
Bolmen;2;14.93;357.525;NA;17. Jun;NA;21;13;5;0.3832
Bolmen;2;14.25;595.674;NA;17. Jun;NA;21;11;3;0.3463
Bolmen;2;13.43;24.597;NA;17. Jun;NA;72;32;12;0.3562
Bolmen;2;14.22;452.052;NA;17. Mai;NA;55;28;10;0.3867
Bolmen;2;15.46;687.285;NA;17. Mai;NA;21;12;4;0.354
Bolmen;2;13.02;287.172;NA;17. Mai;NA;67;35;13;0.3178
Bolmen;2;13.33;297.837;NA;17. Mai;NA;60;32;12;0.349
Bolmen;2;12.27;401.643;NA;17. Mai;NA;33;17;6;0.3085
Bolmen;2;11.59;491.868;NA;17. Mai;NA;61;31;11;0.346
Bolmen;2;12.74;358.911;NA;17. Mai;NA;29;14;5;0.3529
Bolmen;2;15.72;585.009;NA;17. Jun;NA;37;17;4;0.3585
Bolmen;2;10.49;154.287;NA;17. Jun;NA;63;30;13;0.3223
Bolmen;2;13.43;501.075;NA;17. Mai;NA;77;43;24;0.3031
Bolmen;2;12.52;275.121;NA;16. Mai;NA;112;54;22;0.3334
Bolmen;2;13.76;615.474;NA;16. Mai;NA;133;64;27;0.3214
Bolmen;2;11.69;215.361;NA;16. Jun;NA;47;24;9;0.2919
Bolmen;2;14.69;471.996;NA;16.63;NA;59;28;10;0.3289
Bolmen;2;14.61;307.116;NA;16. Jul;NA;51;25;12;0.2911
Bolmen;2;12.92;595.674;NA;16. Jul;NA;54;23;9;0.2232
Bolmen;2;12.26;369.576;NA;16. Jun;NA;144;76;31;0.2951
Bolmen;2;13.24;473.382;NA;16. Jun;NA;140;72;29;0.3527
Bolmen;2;14.95;8.217;NA;16. Jun;NA;59;33;10;0.3448
Bolmen;2;10.83;349.776;NA;16. Jun;NA;149;77;28;0.312
Bolmen;2;12.42;430.722;NA;16. Jun;NA;146;67;27;0.3021
Bolmen;2;11.61;279.423;NA;16. Jun;NA;86;44;10;0.3256
Bolmen;2;14.4;43.218;NA;16. Jun;NA;166;80;33;0.3423
Bolmen;2;11.22;258.093;NA;16. Jun;NA;100;53;23;0.3229
Bolmen;2;14.51;339.111;NA;16.65;NA;107;51;19;0.3622
Bolmen;2;10.2;0.93141;NA;16. Jul;NA;185;95;39;0.28
Bolmen;2;13.93;449.208;NA;16. Jun;NA;230;127;74;0.2774
Bolmen;2;14.35;184.824;8.516;13. Aug;NA;65;34;12;0.3043
Bolmen;2;13.9;585.009;8.614;13. Aug;NA;42;17;6;0.3476
Bolmen;2;12.09;223.254;8.279;13. Aug;NA;22;10;4;0.2484
Bolmen;2;11.64;287.172;6.848;14;NA;19;10;4;0.3395
Bolmen;2;18.41;186.282;8.053;14;NA;14;8;3;0.2619
Bolmen;2;11.32;390.906;8.312;14. Mai;NA;12;8;3;0.3198
Bolmen;2;10.17;0.91683;8.062;14;NA;34;21;10;0.2943
Bolmen;2;11.92;38.952;Aug 16;13. Sep;NA;42;22;10;0.3498
Bolmen;2;15.48;667.413;7.786;14;NA;32;22;8;0.347
Bolmen;2;11.02;122.292;8.125;14;NA;63;43;23;0.2682
Bolmen;2;11.17;319.167;8.127;13. Sep;NA;59;37;15;0.2823
Bolmen;2;13.32;47.484;7.908;14;NA;22;8;4;0.3367
Bolmen;2;12.75;606.339;Jul 98;14;NA;29;17;6;0.3308
Bolmen;2;11.34;194.031;7.632;13. Sep;NA;36;36;14;0.2422
Bolmen;2;15.26;719.352;8.139;14;NA;49;22;4;0.3428
Bolmen;2;10.59;0.51867;7.959;14;NA;73;38;14;0.2565
Bolmen;2;13.69;470.538;8.272;13.93;NA;60;32;19;0.2752